channel,coefname,estimate,eventname,time,estimate_signed,subject,n_trials
1,word_length_c,3.506701070661361e-5,stimulus,-0.1015625,-3.506701070661361e-5,sub-10177,8700
1,word_length_c,3.136523915068757e-5,stimulus,-0.09765625,-3.136523915068757e-5,sub-10177,8700
1,word_length_c,7.281693256268081e-5,stimulus,-0.09375,7.281693256268081e-5,sub-10177,8700
1,word_length_c,6.290606288772604e-5,stimulus,-0.08984375,6.290606288772604e-5,sub-10177,8700
1,word_length_c,4.1459008631572315e-5,stimulus,-0.0859375,4.1459008631572315e-5,sub-10177,8700
1,word_length_c,4.125546129248756e-5,stimulus,-0.08203125,4.125546129248756e-5,sub-10177,8700
1,word_length_c,1.862157090511472e-5,stimulus,-0.078125,1.862157090511472e-5,sub-10177,8700
1,word_length_c,1.519732348099816e-5,stimulus,-0.07421875,1.519732348099816e-5,sub-10177,8700
1,word_length_c,5.4610573093703956e-5,stimulus,-0.0703125,-5.4610573093703956e-5,sub-10177,8700
1,word_length_c,4.3253105886821827e-5,stimulus,-0.06640625,-4.3253105886821827e-5,sub-10177,8700
1,word_length_c,6.29599046732246e-5,stimulus,-0.0625,-6.29599046732246e-5,sub-10177,8700
1,word_length_c,6.639944222949239e-5,stimulus,-0.05859375,-6.639944222949239e-5,sub-10177,8700
1,word_length_c,2.7287530299193435e-6,stimulus,-0.0546875,2.7287530299193435e-6,sub-10177,8700
1,word_length_c,9.626553826426466e-5,stimulus,-0.05078125,9.626553826426466e-5,sub-10177,8700
1,word_length_c,0.00014547364920561046,stimulus,-0.046875,0.00014547364920561046,sub-10177,8700
1,word_length_c,9.24863802011356e-5,stimulus,-0.04296875,9.24863802011356e-5,sub-10177,8700
1,word_length_c,0.0001032932504096654,stimulus,-0.0390625,0.0001032932504096654,sub-10177,8700
1,word_length_c,3.9182538854890286e-5,stimulus,-0.03515625,3.9182538854890286e-5,sub-10177,8700
1,word_length_c,0.0002855794691776023,stimulus,-0.03125,0.0002855794691776023,sub-10177,8700
1,word_length_c,0.0005846781735538495,stimulus,-0.02734375,0.0005846781735538495,sub-10177,8700
1,word_length_c,0.0006130560112551645,stimulus,-0.0234375,0.0006130560112551645,sub-10177,8700
1,word_length_c,0.00022494890816084924,stimulus,-0.01953125,0.00022494890816084924,sub-10177,8700
1,word_length_c,6.795572211697842e-5,stimulus,-0.015625,6.795572211697842e-5,sub-10177,8700
1,word_length_c,2.099228794792285e-5,stimulus,-0.01171875,2.099228794792285e-5,sub-10177,8700
1,word_length_c,0.00012814897342275816,stimulus,-0.0078125,0.00012814897342275816,sub-10177,8700
1,word_length_c,0.00017091184489832783,stimulus,-0.00390625,0.00017091184489832783,sub-10177,8700
1,word_length_c,0.00011115951356033155,stimulus,0.0,0.00011115951356033155,sub-10177,8700
1,word_length_c,3.7357267621883504e-5,stimulus,0.00390625,3.7357267621883504e-5,sub-10177,8700
1,word_length_c,2.347221888797509e-5,stimulus,0.0078125,2.347221888797509e-5,sub-10177,8700
1,word_length_c,7.980256806765389e-5,stimulus,0.01171875,7.980256806765389e-5,sub-10177,8700
1,word_length_c,0.00022996185051044806,stimulus,0.015625,0.00022996185051044806,sub-10177,8700
1,word_length_c,0.00028978648156993323,stimulus,0.01953125,0.00028978648156993323,sub-10177,8700
1,word_length_c,0.0002460206275341542,stimulus,0.0234375,0.0002460206275341542,sub-10177,8700
1,word_length_c,0.00025764277520169335,stimulus,0.02734375,0.00025764277520169335,sub-10177,8700
1,word_length_c,0.00026534565504567835,stimulus,0.03125,0.00026534565504567835,sub-10177,8700
1,word_length_c,0.0002912612570443325,stimulus,0.03515625,0.0002912612570443325,sub-10177,8700
1,word_length_c,0.000320051975128879,stimulus,0.0390625,0.000320051975128879,sub-10177,8700
1,word_length_c,0.00029052549568119046,stimulus,0.04296875,0.00029052549568119046,sub-10177,8700
1,word_length_c,0.0004063569155211869,stimulus,0.046875,0.0004063569155211869,sub-10177,8700
1,word_length_c,0.0005361853040158999,stimulus,0.05078125,0.0005361853040158999,sub-10177,8700
1,word_length_c,0.00045831799737881747,stimulus,0.0546875,0.00045831799737881747,sub-10177,8700
1,word_length_c,0.0002661515350576099,stimulus,0.05859375,0.0002661515350576099,sub-10177,8700
1,word_length_c,0.0001778313001531611,stimulus,0.0625,0.0001778313001531611,sub-10177,8700
1,word_length_c,0.00019030323288401831,stimulus,0.06640625,0.00019030323288401831,sub-10177,8700
1,word_length_c,0.0002692247006852907,stimulus,0.0703125,0.0002692247006852907,sub-10177,8700
1,word_length_c,0.0004920442840533325,stimulus,0.07421875,0.0004920442840533325,sub-10177,8700
1,word_length_c,0.0004449022071388666,stimulus,0.078125,0.0004449022071388666,sub-10177,8700
1,word_length_c,0.00024616705526210174,stimulus,0.08203125,0.00024616705526210174,sub-10177,8700
1,word_length_c,8.01738083136734e-5,stimulus,0.0859375,8.01738083136734e-5,sub-10177,8700
1,word_length_c,1.410785391117864e-5,stimulus,0.08984375,-1.410785391117864e-5,sub-10177,8700
1,word_length_c,6.518176393604131e-7,stimulus,0.09375,-6.518176393604131e-7,sub-10177,8700
1,word_length_c,5.148801726687105e-5,stimulus,0.09765625,-5.148801726687105e-5,sub-10177,8700
1,word_length_c,6.857211418039816e-5,stimulus,0.1015625,-6.857211418039816e-5,sub-10177,8700
1,word_length_c,7.488874418758733e-6,stimulus,0.10546875,7.488874418758733e-6,sub-10177,8700
1,word_length_c,3.243898391827337e-6,stimulus,0.109375,3.243898391827337e-6,sub-10177,8700
1,word_length_c,0.00010040501089823373,stimulus,0.11328125,0.00010040501089823373,sub-10177,8700
1,word_length_c,0.0004803239401535913,stimulus,0.1171875,0.0004803239401535913,sub-10177,8700
1,word_length_c,0.0008346006951596745,stimulus,0.12109375,0.0008346006951596745,sub-10177,8700
1,word_length_c,0.0009085660396214997,stimulus,0.125,0.0009085660396214997,sub-10177,8700
1,word_length_c,0.0011151620543674494,stimulus,0.12890625,0.0011151620543674494,sub-10177,8700
1,word_length_c,0.0008277314251830383,stimulus,0.1328125,0.0008277314251830383,sub-10177,8700
1,word_length_c,0.0007602658391071873,stimulus,0.13671875,0.0007602658391071873,sub-10177,8700
1,word_length_c,0.0009598063040046507,stimulus,0.140625,0.0009598063040046507,sub-10177,8700
1,word_length_c,0.0007569744476381906,stimulus,0.14453125,0.0007569744476381906,sub-10177,8700
1,word_length_c,0.0015591742311199784,stimulus,0.1484375,0.0015591742311199784,sub-10177,8700
1,word_length_c,0.0038506474541260506,stimulus,0.15234375,0.0038506474541260506,sub-10177,8700
1,word_length_c,0.004430095496586953,stimulus,0.15625,0.004430095496586953,sub-10177,8700
1,word_length_c,0.00389077151119178,stimulus,0.16015625,0.00389077151119178,sub-10177,8700
1,word_length_c,0.0035198535123680125,stimulus,0.1640625,0.0035198535123680125,sub-10177,8700
1,word_length_c,0.003365644372766711,stimulus,0.16796875,0.003365644372766711,sub-10177,8700
1,word_length_c,0.002698578225062334,stimulus,0.171875,0.002698578225062334,sub-10177,8700
1,word_length_c,0.002455206400234894,stimulus,0.17578125,0.002455206400234894,sub-10177,8700
1,word_length_c,0.0020881628583683037,stimulus,0.1796875,0.0020881628583683037,sub-10177,8700
1,word_length_c,0.001692632863155366,stimulus,0.18359375,0.001692632863155366,sub-10177,8700
1,word_length_c,0.0016078047953172535,stimulus,0.1875,0.0016078047953172535,sub-10177,8700
1,word_length_c,0.001893387391782774,stimulus,0.19140625,0.001893387391782774,sub-10177,8700
1,word_length_c,0.003212746422024907,stimulus,0.1953125,0.003212746422024907,sub-10177,8700
1,word_length_c,0.003924475595284104,stimulus,0.19921875,0.003924475595284104,sub-10177,8700
1,word_length_c,0.0031347460973582424,stimulus,0.203125,0.0031347460973582424,sub-10177,8700
1,word_length_c,0.002917710668939761,stimulus,0.20703125,0.002917710668939761,sub-10177,8700
1,word_length_c,0.002587179894397437,stimulus,0.2109375,0.002587179894397437,sub-10177,8700
1,word_length_c,0.0032081084154565336,stimulus,0.21484375,0.0032081084154565336,sub-10177,8700
1,word_length_c,0.0028939596642049772,stimulus,0.21875,0.0028939596642049772,sub-10177,8700
1,word_length_c,0.0028447818908941313,stimulus,0.22265625,0.0028447818908941313,sub-10177,8700
1,word_length_c,0.0022457681333191972,stimulus,0.2265625,0.0022457681333191972,sub-10177,8700
1,word_length_c,0.0021323034433416246,stimulus,0.23046875,0.0021323034433416246,sub-10177,8700
1,word_length_c,0.001807116080959415,stimulus,0.234375,0.001807116080959415,sub-10177,8700
1,word_length_c,0.0016032960997165422,stimulus,0.23828125,0.0016032960997165422,sub-10177,8700
1,word_length_c,0.0013411403445751462,stimulus,0.2421875,0.0013411403445751462,sub-10177,8700
1,word_length_c,0.001184293377401361,stimulus,0.24609375,0.001184293377401361,sub-10177,8700
1,word_length_c,0.0007924468856610309,stimulus,0.25,0.0007924468856610309,sub-10177,8700
1,word_length_c,0.0006699577688094019,stimulus,0.25390625,0.0006699577688094019,sub-10177,8700
1,word_length_c,0.000566514679283712,stimulus,0.2578125,0.000566514679283712,sub-10177,8700
1,word_length_c,0.0005081166163354151,stimulus,0.26171875,0.0005081166163354151,sub-10177,8700
1,word_length_c,0.0007586052185115978,stimulus,0.265625,0.0007586052185115978,sub-10177,8700
1,word_length_c,0.0008991368933998744,stimulus,0.26953125,0.0008991368933998744,sub-10177,8700
1,word_length_c,0.0008670867408739994,stimulus,0.2734375,0.0008670867408739994,sub-10177,8700
1,word_length_c,0.0005666387936406397,stimulus,0.27734375,0.0005666387936406397,sub-10177,8700
1,word_length_c,0.0006061735830876243,stimulus,0.28125,0.0006061735830876243,sub-10177,8700
1,word_length_c,0.000409775708797778,stimulus,0.28515625,0.000409775708797778,sub-10177,8700
1,word_length_c,0.0003934543803028757,stimulus,0.2890625,0.0003934543803028757,sub-10177,8700
1,word_length_c,0.00038036509380605057,stimulus,0.29296875,0.00038036509380605057,sub-10177,8700
1,word_length_c,0.00037916685266419544,stimulus,0.296875,0.00037916685266419544,sub-10177,8700
1,word_length_c,0.0003267868899245345,stimulus,0.30078125,0.0003267868899245345,sub-10177,8700
1,word_length_c,0.00011948991807330044,stimulus,0.3046875,0.00011948991807330044,sub-10177,8700
1,word_length_c,0.00024052000573165133,stimulus,0.30859375,0.00024052000573165133,sub-10177,8700
1,word_length_c,0.00024868861140138726,stimulus,0.3125,0.00024868861140138726,sub-10177,8700
1,word_length_c,0.00020372126053643693,stimulus,0.31640625,0.00020372126053643693,sub-10177,8700
1,word_length_c,0.00010562134824352191,stimulus,0.3203125,0.00010562134824352191,sub-10177,8700
1,word_length_c,6.644034454229139e-5,stimulus,0.32421875,-6.644034454229139e-5,sub-10177,8700
1,word_length_c,6.775454100252963e-5,stimulus,0.328125,-6.775454100252963e-5,sub-10177,8700
1,word_length_c,2.728631011309989e-5,stimulus,0.33203125,-2.728631011309989e-5,sub-10177,8700
1,word_length_c,9.492137724473809e-5,stimulus,0.3359375,9.492137724473809e-5,sub-10177,8700
1,word_length_c,0.00010349619810750646,stimulus,0.33984375,0.00010349619810750646,sub-10177,8700
1,word_length_c,9.549304694932202e-5,stimulus,0.34375,9.549304694932202e-5,sub-10177,8700
1,word_length_c,0.00016588049536632584,stimulus,0.34765625,0.00016588049536632584,sub-10177,8700
1,word_length_c,0.0001964895353673655,stimulus,0.3515625,0.0001964895353673655,sub-10177,8700
1,word_length_c,0.0001901116977914062,stimulus,0.35546875,0.0001901116977914062,sub-10177,8700
1,word_length_c,0.00042662117370186774,stimulus,0.359375,0.00042662117370186774,sub-10177,8700
1,word_length_c,0.00033075863814468635,stimulus,0.36328125,0.00033075863814468635,sub-10177,8700
1,word_length_c,0.00021755419634107874,stimulus,0.3671875,0.00021755419634107874,sub-10177,8700
1,word_length_c,0.00025168617308794175,stimulus,0.37109375,0.00025168617308794175,sub-10177,8700
1,word_length_c,0.00016527362102084178,stimulus,0.375,0.00016527362102084178,sub-10177,8700
1,word_length_c,0.00010088836147472397,stimulus,0.37890625,0.00010088836147472397,sub-10177,8700
1,word_length_c,1.3720525740292742e-5,stimulus,0.3828125,1.3720525740292742e-5,sub-10177,8700
1,word_length_c,4.906591115536563e-5,stimulus,0.38671875,4.906591115536563e-5,sub-10177,8700
1,word_length_c,1.3227054279509392e-5,stimulus,0.390625,1.3227054279509392e-5,sub-10177,8700
1,word_length_c,0.00023864545105594919,stimulus,0.39453125,0.00023864545105594919,sub-10177,8700
1,word_length_c,0.00033876098034371546,stimulus,0.3984375,0.00033876098034371546,sub-10177,8700
1,word_length_c,0.00011197966566150121,stimulus,0.40234375,0.00011197966566150121,sub-10177,8700
1,word_length_c,4.4909353785630816e-5,stimulus,0.40625,4.4909353785630816e-5,sub-10177,8700
1,word_length_c,1.4060002451044062e-5,stimulus,0.41015625,1.4060002451044062e-5,sub-10177,8700
1,word_length_c,5.527813456960545e-5,stimulus,0.4140625,5.527813456960545e-5,sub-10177,8700
1,word_length_c,0.0002578093724836394,stimulus,0.41796875,0.0002578093724836394,sub-10177,8700
1,word_length_c,0.0006545760034010062,stimulus,0.421875,0.0006545760034010062,sub-10177,8700
1,word_length_c,0.0002551528124529241,stimulus,0.42578125,0.0002551528124529241,sub-10177,8700
1,word_length_c,0.00023330143517196297,stimulus,0.4296875,0.00023330143517196297,sub-10177,8700
1,word_length_c,0.000277949055611633,stimulus,0.43359375,0.000277949055611633,sub-10177,8700
1,word_length_c,0.00041793404777220564,stimulus,0.4375,0.00041793404777220564,sub-10177,8700
1,word_length_c,0.00019730614733887578,stimulus,0.44140625,0.00019730614733887578,sub-10177,8700
1,word_length_c,0.00010577111797905659,stimulus,0.4453125,0.00010577111797905659,sub-10177,8700
1,word_length_c,8.054885880085876e-5,stimulus,0.44921875,8.054885880085876e-5,sub-10177,8700
1,word_length_c,2.1249111920926865e-5,stimulus,0.453125,2.1249111920926865e-5,sub-10177,8700
1,word_length_c,2.7620584354877613e-5,stimulus,0.45703125,-2.7620584354877613e-5,sub-10177,8700
1,word_length_c,7.84191423812041e-5,stimulus,0.4609375,-7.84191423812041e-5,sub-10177,8700
1,word_length_c,0.00017932206548936603,stimulus,0.46484375,-0.00017932206548936603,sub-10177,8700
1,word_length_c,2.6852194000183637e-5,stimulus,0.46875,-2.6852194000183637e-5,sub-10177,8700
1,word_length_c,5.486960996635296e-5,stimulus,0.47265625,-5.486960996635296e-5,sub-10177,8700
1,word_length_c,9.409403864748227e-5,stimulus,0.4765625,-9.409403864748227e-5,sub-10177,8700
1,word_length_c,6.293288105905422e-5,stimulus,0.48046875,-6.293288105905422e-5,sub-10177,8700
1,word_length_c,1.9054728746193535e-5,stimulus,0.484375,-1.9054728746193535e-5,sub-10177,8700
1,word_length_c,9.504768989835959e-5,stimulus,0.48828125,-9.504768989835959e-5,sub-10177,8700
1,word_length_c,8.047403031196888e-5,stimulus,0.4921875,-8.047403031196888e-5,sub-10177,8700
1,word_length_c,0.00015054345173734352,stimulus,0.49609375,-0.00015054345173734352,sub-10177,8700
1,word_length_c,0.00011613907257760202,stimulus,0.5,-0.00011613907257760202,sub-10177,8700
1,word_length_c,0.00010208925561579648,stimulus,0.50390625,-0.00010208925561579648,sub-10177,8700
1,word_length_c,3.377324427627522e-5,stimulus,0.5078125,-3.377324427627522e-5,sub-10177,8700
1,word_length_c,5.362846143110978e-6,stimulus,0.51171875,5.362846143110978e-6,sub-10177,8700
1,word_length_c,3.729184558321306e-5,stimulus,0.515625,3.729184558321306e-5,sub-10177,8700
1,word_length_c,4.4319229186108954e-5,stimulus,0.51953125,4.4319229186108954e-5,sub-10177,8700
1,word_length_c,0.00010126167312715724,stimulus,0.5234375,-0.00010126167312715724,sub-10177,8700
1,word_length_c,8.732599436785736e-5,stimulus,0.52734375,-8.732599436785736e-5,sub-10177,8700
1,word_length_c,7.963072739806132e-5,stimulus,0.53125,-7.963072739806132e-5,sub-10177,8700
1,word_length_c,6.103263595736849e-5,stimulus,0.53515625,-6.103263595736849e-5,sub-10177,8700
1,word_length_c,7.125655497964552e-5,stimulus,0.5390625,-7.125655497964552e-5,sub-10177,8700
1,word_length_c,2.1786579516516404e-5,stimulus,0.54296875,-2.1786579516516404e-5,sub-10177,8700
1,word_length_c,1.3874634965908657e-5,stimulus,0.546875,-1.3874634965908657e-5,sub-10177,8700
1,word_length_c,7.676806738969363e-5,stimulus,0.55078125,7.676806738969363e-5,sub-10177,8700
1,word_length_c,7.357121291585415e-5,stimulus,0.5546875,-7.357121291585415e-5,sub-10177,8700
1,word_length_c,0.00010684930815927786,stimulus,0.55859375,-0.00010684930815927786,sub-10177,8700
1,word_length_c,5.730826676757396e-5,stimulus,0.5625,-5.730826676757396e-5,sub-10177,8700
1,word_length_c,4.9254208438068786e-5,stimulus,0.56640625,4.9254208438068786e-5,sub-10177,8700
1,word_length_c,1.940190274543371e-5,stimulus,0.5703125,1.940190274543371e-5,sub-10177,8700
1,word_length_c,9.601516521382309e-5,stimulus,0.57421875,-9.601516521382309e-5,sub-10177,8700
1,word_length_c,0.0001534815348634657,stimulus,0.578125,-0.0001534815348634657,sub-10177,8700
1,word_length_c,0.00023570195526215342,stimulus,0.58203125,-0.00023570195526215342,sub-10177,8700
1,word_length_c,8.108060995320313e-5,stimulus,0.5859375,-8.108060995320313e-5,sub-10177,8700
1,word_length_c,5.9670116523611834e-5,stimulus,0.58984375,-5.9670116523611834e-5,sub-10177,8700
1,word_length_c,9.50569791778522e-5,stimulus,0.59375,-9.50569791778522e-5,sub-10177,8700
1,word_length_c,6.415821958623725e-5,stimulus,0.59765625,-6.415821958623725e-5,sub-10177,8700
1,word_length_c,5.300455356862256e-5,stimulus,0.6015625,-5.300455356862256e-5,sub-10177,8700
1,word_length_c,0.00019059350907672215,stimulus,0.60546875,-0.00019059350907672215,sub-10177,8700
1,word_length_c,2.732133233609581e-5,stimulus,0.609375,2.732133233609581e-5,sub-10177,8700
1,word_length_c,4.9463050198228506e-5,stimulus,0.61328125,4.9463050198228506e-5,sub-10177,8700
1,word_length_c,5.5780882605766004e-5,stimulus,0.6171875,5.5780882605766004e-5,sub-10177,8700
1,word_length_c,7.17237160560067e-6,stimulus,0.62109375,7.17237160560067e-6,sub-10177,8700
1,word_length_c,8.496171016483578e-5,stimulus,0.625,-8.496171016483578e-5,sub-10177,8700
1,word_length_c,8.88164670385675e-5,stimulus,0.62890625,-8.88164670385675e-5,sub-10177,8700
1,word_length_c,0.0001477771548367573,stimulus,0.6328125,-0.0001477771548367573,sub-10177,8700
1,word_length_c,0.0001502241429456181,stimulus,0.63671875,-0.0001502241429456181,sub-10177,8700
1,word_length_c,0.00010193613196416659,stimulus,0.640625,-0.00010193613196416659,sub-10177,8700
1,word_length_c,0.0001041485685557841,stimulus,0.64453125,-0.0001041485685557841,sub-10177,8700
1,word_length_c,0.000130573527220903,stimulus,0.6484375,-0.000130573527220903,sub-10177,8700
1,word_length_c,9.954593998606686e-5,stimulus,0.65234375,-9.954593998606686e-5,sub-10177,8700
1,word_length_c,6.060047559309759e-5,stimulus,0.65625,-6.060047559309759e-5,sub-10177,8700
1,word_length_c,0.00014731170474529133,stimulus,0.66015625,-0.00014731170474529133,sub-10177,8700
1,word_length_c,8.90172093523655e-5,stimulus,0.6640625,-8.90172093523655e-5,sub-10177,8700
1,word_length_c,5.279897496665315e-5,stimulus,0.66796875,-5.279897496665315e-5,sub-10177,8700
1,word_length_c,0.0001619364952015153,stimulus,0.671875,-0.0001619364952015153,sub-10177,8700
1,word_length_c,0.00018206944289543455,stimulus,0.67578125,-0.00018206944289543455,sub-10177,8700
1,word_length_c,0.0001642979936840133,stimulus,0.6796875,-0.0001642979936840133,sub-10177,8700
1,word_length_c,9.420925713292628e-5,stimulus,0.68359375,-9.420925713292628e-5,sub-10177,8700
1,word_length_c,9.651426874619575e-5,stimulus,0.6875,9.651426874619575e-5,sub-10177,8700
1,word_length_c,7.106482798855011e-5,stimulus,0.69140625,7.106482798855011e-5,sub-10177,8700
1,word_length_c,9.476985935444278e-5,stimulus,0.6953125,-9.476985935444278e-5,sub-10177,8700
1,word_length_c,0.0001638964197302572,stimulus,0.69921875,-0.0001638964197302572,sub-10177,8700
1,word_length_c,0.00019634934866330478,stimulus,0.703125,-0.00019634934866330478,sub-10177,8700
1,word_length_c,0.0001910847738361225,stimulus,0.70703125,-0.0001910847738361225,sub-10177,8700
1,word_length_c,0.00023833320321957227,stimulus,0.7109375,-0.00023833320321957227,sub-10177,8700
1,word_length_c,0.0002520469672598562,stimulus,0.71484375,-0.0002520469672598562,sub-10177,8700
1,word_length_c,0.00011926657014587687,stimulus,0.71875,-0.00011926657014587687,sub-10177,8700
1,word_length_c,9.284773253989107e-5,stimulus,0.72265625,-9.284773253989107e-5,sub-10177,8700
1,word_length_c,0.00012571482144472238,stimulus,0.7265625,-0.00012571482144472238,sub-10177,8700
1,word_length_c,6.229682611963842e-5,stimulus,0.73046875,-6.229682611963842e-5,sub-10177,8700
1,word_length_c,9.698065325583491e-5,stimulus,0.734375,-9.698065325583491e-5,sub-10177,8700
1,word_length_c,2.7234201741595862e-5,stimulus,0.73828125,2.7234201741595862e-5,sub-10177,8700
1,word_length_c,3.9792075620347035e-5,stimulus,0.7421875,-3.9792075620347035e-5,sub-10177,8700
1,word_length_c,2.480840469182478e-5,stimulus,0.74609375,2.480840469182478e-5,sub-10177,8700
1,word_length_c,1.1547487102283011e-5,stimulus,0.75,1.1547487102283011e-5,sub-10177,8700
1,word_length_c,7.410910245986787e-5,stimulus,0.75390625,7.410910245986787e-5,sub-10177,8700
1,word_length_c,7.373966084710807e-6,stimulus,0.7578125,7.373966084710807e-6,sub-10177,8700
1,word_length_c,6.911870240612934e-5,stimulus,0.76171875,6.911870240612934e-5,sub-10177,8700
1,word_length_c,4.490970835390133e-5,stimulus,0.765625,4.490970835390133e-5,sub-10177,8700
1,word_length_c,2.935100040759468e-5,stimulus,0.76953125,2.935100040759468e-5,sub-10177,8700
1,word_length_c,1.3153514315890567e-5,stimulus,0.7734375,1.3153514315890567e-5,sub-10177,8700
1,word_length_c,4.9240722650845796e-5,stimulus,0.77734375,4.9240722650845796e-5,sub-10177,8700
1,word_length_c,0.0001410832974077084,stimulus,0.78125,0.0001410832974077084,sub-10177,8700
1,word_length_c,0.00015759063599916733,stimulus,0.78515625,0.00015759063599916733,sub-10177,8700
1,word_length_c,0.00012124388376088566,stimulus,0.7890625,0.00012124388376088566,sub-10177,8700
1,word_length_c,7.013049046333888e-5,stimulus,0.79296875,7.013049046333888e-5,sub-10177,8700
1,word_length_c,1.707723813552245e-5,stimulus,0.796875,1.707723813552245e-5,sub-10177,8700
1,word_length_c,3.067561962860194e-5,stimulus,0.80078125,3.067561962860194e-5,sub-10177,8700
1,word_length_c,9.845559356513371e-5,stimulus,0.8046875,9.845559356513371e-5,sub-10177,8700
1,word_length_c,0.00010563453961309394,stimulus,0.80859375,0.00010563453961309394,sub-10177,8700
1,word_length_c,6.391223868574673e-5,stimulus,0.8125,6.391223868574673e-5,sub-10177,8700
1,word_length_c,2.2130119793850356e-5,stimulus,0.81640625,-2.2130119793850356e-5,sub-10177,8700
1,word_length_c,7.148487151928105e-5,stimulus,0.8203125,-7.148487151928105e-5,sub-10177,8700
1,word_length_c,5.004441060085653e-5,stimulus,0.82421875,-5.004441060085653e-5,sub-10177,8700
1,word_length_c,7.831583265931537e-6,stimulus,0.828125,7.831583265931537e-6,sub-10177,8700
1,word_length_c,5.193805067228303e-5,stimulus,0.83203125,5.193805067228303e-5,sub-10177,8700
1,word_length_c,0.00013915550178965802,stimulus,0.8359375,0.00013915550178965802,sub-10177,8700
1,word_length_c,0.00015708737661088032,stimulus,0.83984375,0.00015708737661088032,sub-10177,8700
1,word_length_c,0.00023558295339045276,stimulus,0.84375,0.00023558295339045276,sub-10177,8700
1,word_length_c,0.00023463460774893254,stimulus,0.84765625,0.00023463460774893254,sub-10177,8700
1,word_length_c,0.00012587707478663857,stimulus,0.8515625,0.00012587707478663857,sub-10177,8700
1,word_length_c,7.401505622464458e-5,stimulus,0.85546875,7.401505622464458e-5,sub-10177,8700
1,word_length_c,1.5737122834050354e-5,stimulus,0.859375,1.5737122834050354e-5,sub-10177,8700
1,word_length_c,1.444740234862683e-5,stimulus,0.86328125,1.444740234862683e-5,sub-10177,8700
1,word_length_c,2.483187743884129e-6,stimulus,0.8671875,2.483187743884129e-6,sub-10177,8700
1,word_length_c,6.176263918014773e-5,stimulus,0.87109375,6.176263918014773e-5,sub-10177,8700
1,word_length_c,3.7167086138844747e-5,stimulus,0.875,-3.7167086138844747e-5,sub-10177,8700
1,word_length_c,8.297317184550992e-5,stimulus,0.87890625,-8.297317184550992e-5,sub-10177,8700
1,word_length_c,0.00011918685616779193,stimulus,0.8828125,-0.00011918685616779193,sub-10177,8700
1,word_length_c,0.0001513598611967299,stimulus,0.88671875,-0.0001513598611967299,sub-10177,8700
1,word_length_c,5.675031554275255e-5,stimulus,0.890625,-5.675031554275255e-5,sub-10177,8700
1,word_length_c,1.885515005362615e-6,stimulus,0.89453125,-1.885515005362615e-6,sub-10177,8700
1,word_length_c,1.177393683193563e-5,stimulus,0.8984375,-1.177393683193563e-5,sub-10177,8700
1,word_length_c,4.727177218020057e-5,stimulus,0.90234375,-4.727177218020057e-5,sub-10177,8700
1,word_length_c,0.00014469474653419127,stimulus,0.90625,-0.00014469474653419127,sub-10177,8700
1,word_length_c,6.510250323808147e-5,stimulus,0.91015625,-6.510250323808147e-5,sub-10177,8700
1,word_length_c,8.361742178203014e-7,stimulus,0.9140625,-8.361742178203014e-7,sub-10177,8700
1,word_length_c,1.7340649225799687e-5,stimulus,0.91796875,-1.7340649225799687e-5,sub-10177,8700
1,word_length_c,1.8471410189351408e-5,stimulus,0.921875,-1.8471410189351408e-5,sub-10177,8700
1,word_length_c,4.85963668323313e-5,stimulus,0.92578125,-4.85963668323313e-5,sub-10177,8700
1,word_length_c,5.929974462545681e-6,stimulus,0.9296875,5.929974462545681e-6,sub-10177,8700
1,word_length_c,2.5253217577823597e-5,stimulus,0.93359375,2.5253217577823597e-5,sub-10177,8700
1,word_length_c,4.166258064354425e-5,stimulus,0.9375,4.166258064354425e-5,sub-10177,8700
1,word_length_c,6.88226943380927e-5,stimulus,0.94140625,-6.88226943380927e-5,sub-10177,8700
1,word_length_c,4.488341252756834e-5,stimulus,0.9453125,-4.488341252756834e-5,sub-10177,8700
1,word_length_c,3.3044543287195116e-5,stimulus,0.94921875,-3.3044543287195116e-5,sub-10177,8700
1,word_length_c,1.8457164745966858e-5,stimulus,0.953125,-1.8457164745966858e-5,sub-10177,8700
1,word_length_c,4.856017375932412e-6,stimulus,0.95703125,4.856017375932412e-6,sub-10177,8700
1,word_length_c,8.313068097731885e-6,stimulus,0.9609375,8.313068097731885e-6,sub-10177,8700
1,word_length_c,6.511668832262266e-5,stimulus,0.96484375,-6.511668832262266e-5,sub-10177,8700
1,word_length_c,3.97596440959115e-5,stimulus,0.96875,-3.97596440959115e-5,sub-10177,8700
1,word_length_c,6.0704513992358665e-5,stimulus,0.97265625,-6.0704513992358665e-5,sub-10177,8700
1,word_length_c,8.500700298747647e-5,stimulus,0.9765625,-8.500700298747647e-5,sub-10177,8700
1,word_length_c,6.913643708952246e-5,stimulus,0.98046875,-6.913643708952246e-5,sub-10177,8700
1,word_length_c,0.0001290259978805331,stimulus,0.984375,-0.0001290259978805331,sub-10177,8700
1,word_length_c,6.363167983109165e-5,stimulus,0.98828125,-6.363167983109165e-5,sub-10177,8700
1,word_length_c,8.885858804857523e-5,stimulus,0.9921875,-8.885858804857523e-5,sub-10177,8700
1,word_length_c,2.3799631014206348e-5,stimulus,0.99609375,-2.3799631014206348e-5,sub-10177,8700
1,word_length_c,0.0001159296515305998,stimulus,1.0,-0.0001159296515305998,sub-10177,8700
